{"parent":"item/handheld","display":{"thirdperson_righthand":{"rotation":[-84, -90, 0],"translation":[0, 4.75, -2.75],"scale":[1.38867, 1.29883, 1.38867]},"thirdperson_lefthand":{"rotation":[-84, 90, 0],"translation":[0, 4.75, -2.75],"scale":[1.38867, 1.29883, 1.38867]},"firstperson_righthand":{"rotation":[-80, -90, -10],"translation":[4.5, 2.5, 0],"scale":[1.31836, 1.31836, 1.31836]},"firstperson_lefthand":{"rotation":[-69, 90, -10],"translation":[4.5, 3.75, 0],"scale":[1.31836, 1.31836, 1.31836]},"ground":{"rotation":[90, 0, 0],"translation":[0, -3.4, 0],"scale":[1.7, 1.7, 1]},"gui":{"rotation":[0, 0, 152.75],"translation":[-3.5, 1.5, 0],"scale":[1.07031, 1.07031, 1.07031]},"fixed":{"rotation":[-180, 0, -25.75],"translation":[5.25, 2, -0.75],"scale":[1.78516, 1.78516, 1.78516]}}}
